summary,Pclass,Name,Sex,Age,SibSp,Parch,Ticket,Fare,Cabin,Embarked
count,891,891,891,714,891,891,891,891,204,889
mean,2.308641975308642,,,29.69911764704046,0.5230078563411896,0.38159371492704824,260318.54916792738,32.20420804114722,,
stddev,0.8360712409770491,,,14.526497332370992,1.1027434322934315,0.8060572211299488,471609.26868834975,49.69342916316158,,
min,1,"\"Andersson, Mr. August Edvard (\"\"Wennerstrom\"\")\"",female,0.42,0,0,110152,0.0,A10,C
max,3,"van Melkebeke, Mr. Philemon",male,80.0,8,6,WE/P 5735,512.3292,T,S
